cliente;posto;estado;uf;pais;lote;porte;polo_tecnico;chamados_hardware;qtde_kit;total_coletas;mesas;latitude;longitude
PPT;ADAMANTINA;S츒 PAULO;SP;BRASIL;REGI츒 2;C;DRACENA;4;1;5001;1;-2.116.866.517;-5.110.762.975
PPT;AGUAI;S츒 PAULO;SP;BRASIL;REGI츒 3;C;AGUAI;3;1;3322;1;-2.220.592.036;-4.669.793.840
PPT;AGUDOS;S츒 PAULO;SP;BRASIL;REGI츒 2;C;AVARE;2;1;5179;1;-2.224.719.836;-4.889.884.476
PPT;ALESP;S츒 PAULO;SP;BRASIL;REGI츒 6;B;FERRAZ;2;3;28655;3;-2.335.801.646;-4.666.582.082
PPT;ALVARES MACHADO;S츒 PAULO;SP;BRASIL;REGI츒 2;C;PIRAPOZINHO;2;1;2862;1;-2.220.764.150;-5.114.722.400
PPT;AMERICANA;S츒 PAULO;SP;BRASIL;REGI츒 3;B;SANTA BARBARA;18;5;33971;5;-2.227.392.463;-4.773.306.032
PPT;AMERICO BRASILIENSE;S츒 PAULO;SP;BRASIL;REGI츒 1;C;MATAO;2;1;5335;1;-2.117.297.099;-4.881.052.092
PPT;AMPARO;S츒 PAULO;SP;BRASIL;REGI츒 3;C;BRAGAN큐;3;1;8156;1;-2.227.011.100;-4.667.644.400
PPT;ANDRADINA;S츒 PAULO;SP;BRASIL;REGI츒 2;C;DRACENA;13;2;12799;2;-2.008.965.050;-5.113.742.765
PPT;ANGATUBA;S츒 PAULO;SP;BRASIL;REGI츒 4;C;ITAPEVA;5;1;3202;1;-2.334.938.938;-4.884.110.675
PPT;APARECIDA;S츒 PAULO;SP;BRASIL;REGI츒 4;C;GUARATINGUETA;1;1;4117;1;-2.228.515.520;-4.552.340.924
PPT;APIAI;S츒 PAULO;SP;BRASIL;REGI츒 4;C;ITAPEVA;10;1;3904;1;-2.445.076.527;-4.888.461.582
PPT;ARACARIGUAMA;S츒 PAULO;SP;BRASIL;REGI츒 2;C;VOTORANTIM;0;1;3484;1;-2.334.388.277;-4.770.613.084
PPT;ARACATUBA;S츒 PAULO;SP;BRASIL;REGI츒 1;B;BIRIGUI;13;4;26020;4;-2.112.079.920;-5.004.390.225
PPT;ARACOIABA DA SERRA;S츒 PAULO;SP;BRASIL;REGI츒 2;C;VOTORANTIM;1;1;4552;1;-2.335.045.367;-4.776.168.158
PPT;ARARAQUARA;S츒 PAULO;SP;BRASIL;REGI츒 1;B;MATAO;5;3;30990;4;-2.117.886.713;-4.881.773.096
PPT;ARARAS;S츒 PAULO;SP;BRASIL;REGI츒 3;B;MOGI GUA큣;12;3;16585;3;-2.223.569.192;-4.773.838.766
PPT;ARTHUR NOGUEIRA;S츒 PAULO;SP;BRASIL;REGI츒 3;C;SANTA BARBARA;0;1;9501;1;-2.225.727.370;-4.771.726.790
PPT;ARUJA;S츒 PAULO;SP;BRASIL;REGI츒 4;C;FERRAZ;4;2;14106;2;-2.333.962.660;-4.663.175.449
PPT;ASSIS;S츒 PAULO;SP;BRASIL;REGI츒 2;C;MARILIA;3;2;11897;2;-2.226.620.892;-5.004.206.230
PPT;ATIBAIA;S츒 PAULO;SP;BRASIL;REGI츒 3;B;BRAGAN큐;6;2;17546;2;-2.331.177.393;-4.665.547.861
PPT;AVARE;S츒 PAULO;SP;BRASIL;REGI츒 2;C;AVARE;8;2;11639;2;-2.331.045.215;-4.889.259.103
PPT;BARIRI;S츒 PAULO;SP;BRASIL;REGI츒 2;C;JAU;3;1;3923;1;-2.220.746.355;-4.887.394.852
PPT;BARRETOS;S츒 PAULO;SP;BRASIL;REGI츒 1;B;OLIMPIA;9;2;18057;2;-2.005.531.437;-4.885.697.509
PPT;BASTOS;S츒 PAULO;SP;BRASIL;REGI츒 2;C;MARILIA;1;1;2534;1;-2.119.222.474;-5.007.317.727
PPT;BATATAIS;S츒 PAULO;SP;BRASIL;REGI츒 1;C;GUARA;0;1;10174;1;-2.008.928.670;-4.775.921.490
PPT;BAURU;S츒 PAULO;SP;BRASIL;REGI츒 2;A;RESIDENTE;22;9;52946;9;-2.223.218.102;-4.990.705.863
PPT;BEBEDOURO;S츒 PAULO;SP;BRASIL;REGI츒 1;B;CATANDUVA;9;2;11736;2;-2.009.490.770;-4.884.790.830
PPT;BERTIOGA;S츒 PAULO;SP;BRASIL;REGI츒 4;C;CUBATAO;1;1;8989;1;-2.338.485.680;-4.661.395.860
PPT;BIRIGUI;S츒 PAULO;SP;BRASIL;REGI츒 2;C;BIRIGUI;5;2;17968;2;-2.112.908.491;-5.003.414.400
PPT;BIRITIBA MIRIM;S츒 PAULO;SP;BRASIL;REGI츒 4;C;FERRAZ;3;1;5382;1;-2.335.697.765;-4.660.407.456
PPT;BOITUVA;S츒 PAULO;SP;BRASIL;REGI츒 2;C;VOTORANTIM;15;2;8794;2;-2.332.838.893;-4.776.738.231
PPT;BOM JESUS DOS PERDOES;S츒 PAULO;SP;BRASIL;REGI츒 3;C;BRAGAN큐;1;1;4714;1;-2.331.353.864;-4.664.648.052
PPT;BOTUCATU;S츒 PAULO;SP;BRASIL;REGI츒 2;B;LARANJAL PAULISTA;9;3;18784;3;-2.228.879.628;-4.884.410.712
PPT;BRAGANCA PAULISTA;S츒 PAULO;SP;BRASIL;REGI츒 3;B;BRAGAN큐;9;3;28680;3;-2.229.520.235;-4.665.418.586
PPT;BROTAS;S츒 PAULO;SP;BRASIL;REGI츒 3;C;JAU;0;1;3825;1;-2.222.840.884;-4.881.267.265
PPT;BURI;S츒 PAULO;SP;BRASIL;REGI츒 4;C;ITAPEVA;2;1;1988;1;-2.337.984.900;-4.885.989.240
PPT;CABREUVA;S츒 PAULO;SP;BRASIL;REGI츒 3;C;FRANCO DA ROCHA;8;1;4635;1;-2.333.076.663;-4.771.324.726
PPT;CACAPAVA;S츒 PAULO;SP;BRASIL;REGI츒 4;C;GUARATINGUETA;13;2;12730;2;-2.330.992.040;-4.557.076.450
PPT;CACHOEIRA PAULISTA;S츒 PAULO;SP;BRASIL;REGI츒 4;C;GUARATINGUETA;1;1;3884;1;-2.226.605.578;-4.550.081.689
PPT;CAIEIRAS;S츒 PAULO;SP;BRASIL;REGI츒 5;B;FRANCO DA ROCHA;6;4;29462;4;-2.333.644.621;-4.667.484.765
PPT;CAJAMAR;S츒 PAULO;SP;BRASIL;REGI츒 5;C;FRANCO DA ROCHA;11;2;9006;2;-2.333.561.111;-4.668.769.444
PPT;CAJATI;S츒 PAULO;SP;BRASIL;REGI츒 4;C;REGISTRO;3;1;3712;1;-2.447.272.376;-4.881.077.914
PPT;CAMPINAS SHOPPING;S츒 PAULO;SP;BRASIL;REGI츒 3;A;RESIDENTE;41;19;164790;19;-2.229.320.021;-4.770.783.340
PPT;CAMPO LIMPO PAULISTA;S츒 PAULO;SP;BRASIL;REGI츒 3;C;FRANCO DA ROCHA;1;1;7289;1;-2.332.077.910;-4.667.889.190
PPT;CANDIDO MOTA;S츒 PAULO;SP;BRASIL;REGI츒 2;C;MARILIA;3;1;3157;1;-2.227.434.964;-5.003.892.400
PPT;CANINDE;S츒 PAULO;SP;BRASIL;REGI츒 5;A;RESIDENTE;3;9;66524;9;-2.335.269.919;-4.666.205.256
PPT;CAPAO BONITO;S츒 PAULO;SP;BRASIL;REGI츒 4;C;ITAPEVA;2;1;6555;1;-2.440.048.759;-4.883.489.848
PPT;CAPELA DO ALTO;S츒 PAULO;SP;BRASIL;REGI츒 2;C;VOTORANTIM;0;1;2741;1;-2.334.704.798;-4.777.352.309
PPT;CAPIVARI;S츒 PAULO;SP;BRASIL;REGI츒 3;C;LARANJAL PAULISTA;6;1;7779;1;-2.229.999.295;-4.775.031.066
PPT;CARAGUATATUBA;S츒 PAULO;SP;BRASIL;REGI츒 4;B;UBATUBA;6;4;32131;4;-2.336.202.800;-4.554.130.600
PPT;CARAPICUIBA;S츒 PAULO;SP;BRASIL;REGI츒 6;A;RESIDENTE;21;7;59653;7;-2.335.234.673;-4.668.406.808
PPT;CARRAO DIGITAL;S츒 PAULO;SP;BRASIL;REGI츒 5;DIGITAL;FERRAZ;0;1;3343;1;-233.537.723;-4.665.658.759
PPT;CATANDUVA;S츒 PAULO;SP;BRASIL;REGI츒 1;B;CATANDUVA;5;3;19896;3;-2.111.331.035;-4.889.712.817
PPT;CERQUILHO;S츒 PAULO;SP;BRASIL;REGI츒 2;C;LARANJAL PAULISTA;1;1;5355;1;-2.331.626.556;-4.777.433.878
PPT;CIDADE ADEMAR;S츒 PAULO;SP;BRASIL;REGI츒 7;A;RESIDENTE;32;8;81709;8;-2.336.730.116;-4.666.552.806
PPT;CIDADE TIRADENTES;S츒 PAULO;SP;BRASIL;REGI츒 4;B;FERRAZ;17;5;32778;5;-2.335.824.973;-4.664.092.065
PPT;CONCHAL;S츒 PAULO;SP;BRASIL;REGI츒 3;C;MOGI GUA큣;1;1;3569;1;-2.223.375.120;-4.771.729.270
PPT;CORDEIROPOLIS;S츒 PAULO;SP;BRASIL;REGI츒 3;C;MOGI GUA큣;4;1;2896;1;-2.224.768.324;-4.774.550.551
PPT;COSMOPOLIS;S츒 PAULO;SP;BRASIL;REGI츒 3;C;SANTA BARBARA;9;1;7246;1;-2.226.437.398;-4.771.972.086
PPT;COTIA;S츒 PAULO;SP;BRASIL;REGI츒 6;B;COTIA;21;5;46851;5;-2.336.038.890;-4.669.188.890
PPT;CRAVINHOS;S츒 PAULO;SP;BRASIL;REGI츒 1;C;SANTA RITA DO PASSA QUATRO;3;1;6640;1;-2.113.402.780;-4.777.294.440
PPT;CRUZEIRO;S츒 PAULO;SP;BRASIL;REGI츒 4;C;GUARATINGUETA;13;1;9586;1;-2.225.783.685;-4.449.642.044
PPT;CUBATAO;S츒 PAULO;SP;BRASIL;REGI츒 4;B;CUBATAO;2;2;14217;2;-2.338.857.982;-4.664.241.869
PPT;CUNHA;S츒 PAULO;SP;BRASIL;REGI츒 4;C;UBATUBA;1;1;2241;1;-2.330.775.300;-4.449.567.436
PPT;DESCALVADO;S츒 PAULO;SP;BRASIL;REGI츒 1;C;SANTA RITA DO PASSA QUATRO;4;1;3749;1;-2.119.090.404;-4.776.203.241
PPT;DIADEMA;S츒 PAULO;SP;BRASIL;REGI츒 7;A;RESIDENTE;38;6;47679;6;-2.336.866.428;-4.666.246.935
PPT;DOIS CORREGOS;S츒 PAULO;SP;BRASIL;REGI츒 2;C;JAU;1;1;3528;1;-2.223.697.554;-4.883.845.315
PPT;DRACENA;S츒 PAULO;SP;BRASIL;REGI츒 2;C;DRACENA;4;2;7692;2;-2.114.835.523;-5.115.334.408
PPT;EMBU DAS ARTES;S츒 PAULO;SP;BRASIL;REGI츒 6;C;COTIA;2;2;20389;2;-2.336.495.294;-4.668.528.497
PPT;ESPIRITO SANTO DO PINHAL;S츒 PAULO;SP;BRASIL;REGI츒 3;C;AGUAI;1;1;5387;1;-2.221.929.522;-4.667.470.021
PPT;FERNANDOPOLIS;S츒 PAULO;SP;BRASIL;REGI츒 1;B;JALES;8;2;10605;2;-2.002.825.647;-5.002.500.762
PPT;FERRAZ DE VASCONCELOS;S츒 PAULO;SP;BRASIL;REGI츒 7;B;FERRAZ;2;3;19963;3;-2.335.410.560;-4.663.709.700
PPT;FRANCA;S츒 PAULO;SP;BRASIL;REGI츒 1;B;GUARA;19;7;48956;7;-2.005.381.768;-4.774.009.795
PPT;FRANCISCO MORATO;S츒 PAULO;SP;BRASIL;REGI츒 5;B;FRANCO DA ROCHA;10;3;20682;3;-2.332.817.308;-4.667.448.996
PPT;FRANCO DA ROCHA;S츒 PAULO;SP;BRASIL;REGI츒 5;B;FRANCO DA ROCHA;3;2;17632;2;-2.333.328.038;-4.667.244.460
PPT;GARCA;S츒 PAULO;SP;BRASIL;REGI츒 2;C;MARILIA;6;1;5379;1;-2.222.125.766;-4.996.547.994
PPT;GUAPIACU;S츒 PAULO;SP;BRASIL;REGI츒 1;C;OLIMPIA;3;1;3354;1;-2.007.966.300;-4.992.253.917
PPT;GUARA;S츒 PAULO;SP;BRASIL;REGI츒 1;C;GUARA;3;1;1918;1;-2.004.290.496;-4.778.250.067
PPT;GUARARAPES;S츒 PAULO;SP;BRASIL;REGI츒 2;C;BIRIGUI;2;1;3614;1;-2.112.542.739;-5.006.440.083
PPT;GUARAREMA;S츒 PAULO;SP;BRASIL;REGI츒 4;C;FERRAZ;1;1;4560;1;-2.334.136.776;-4.660.383.744
PPT;GUARATINGUETA;S츒 PAULO;SP;BRASIL;REGI츒 4;B;GUARATINGUETA;14;2;13836;2;-2.228.057.839;-4.551.908.926
PPT;GUARIBA;S츒 PAULO;SP;BRASIL;REGI츒 1;C;MATAO;3;1;4642;1;-2.113.593.800;-4.882.315.800
PPT;GUARUJA;S츒 PAULO;SP;BRASIL;REGI츒 4;B;CUBATAO;13;5;36823;5;-2.339.927.768;-4.662.558.332
PPT;GUARULHOS;S츒 PAULO;SP;BRASIL;REGI츒 5;A;RESIDENTE;76;20;186983;20;-2.334.675.941;-4.665.277.704
PPT;HORTOLANDIA;S츒 PAULO;SP;BRASIL;REGI츒 3;B;SANTA BARBARA;12;3;22306;3;-2.228.620.175;-4.772.164.219
PPT;IBATE;S츒 PAULO;SP;BRASIL;REGI츒 1;C;JAU;2;1;4231;1;-2.119.562.015;-4.880.007.848
PPT;IBITINGA;S츒 PAULO;SP;BRASIL;REGI츒 1;C;MATAO;12;1;6491;1;-2.117.562.300;-4.888.319.030
PPT;IBIUNA;S츒 PAULO;SP;BRASIL;REGI츒 5;C;VOTORANTIM;9;2;10029;2;-2.336.544.825;-4.772.208.560
PPT;IGARAPAVA;S츒 PAULO;SP;BRASIL;REGI츒 1;C;GUARA;1;1;4374;1;-2.000.411.748;-4.777.476.682
PPT;IGUAPE;S츒 PAULO;SP;BRASIL;REGI츒 4;C;REGISTRO;4;2;5099;1;-2.447.042.692;-4.775.563.733
PPT;INDAIATUBA;S츒 PAULO;SP;BRASIL;REGI츒 3;B;LARANJAL PAULISTA;11;4;33200;4;-2.330.908.356;-4.772.180.677
PPT;IPERO;S츒 PAULO;SP;BRASIL;REGI츒 2;C;VOTORANTIM;0;1;2938;1;-2.333.538.248;-4.777.122.502
PPT;IRACEMAPOLIS;S츒 PAULO;SP;BRASIL;REGI츒 3;C;SANTA BARBARA;0;1;3668;1;-2.225.869.091;-4.775.160.966
PPT;ITANHAEM;S츒 PAULO;SP;BRASIL;REGI츒 4;C;CUBATAO;21;2;18471;2;-2.441.833.421;-4.667.896.229
PPT;ITAPECERICA DA SERRA;S츒 PAULO;SP;BRASIL;REGI츒 6;B;COTIA;6;2;23365;2;-2.337.176.303;-4.668.492.435
PPT;ITAPETININGA;S츒 PAULO;SP;BRASIL;REGI츒 2;B;ITAPEVA;7;3;18971;3;-2.335.886.070;-4.880.483.260
PPT;ITAPEVA;S츒 PAULO;SP;BRASIL;REGI츒 4;B;ITAPEVA;7;2;13812;2;-2.339.849.105;-4.888.803.886
PPT;ITAPIRA;S츒 PAULO;SP;BRASIL;REGI츒 3;C;MOGI GUA큣;1;1;5948;1;-2.224.361.110;-4.668.216.670
PPT;ITAPOLIS;S츒 PAULO;SP;BRASIL;REGI츒 1;C;MATAO;1;1;4098;1;-2.115.958.368;-4.888.122.696
PPT;ITAQUAQUECETUBA;S츒 PAULO;SP;BRASIL;REGI츒 4;A;RESIDENTE;19;7;55858;7;-2.334.754.492;-4.663.514.033
PPT;ITAQUERA;S츒 PAULO;SP;BRASIL;REGI츒 5;A;RESIDENTE;79;30;311218;30;-2.335.360.799;-4.664.555.099
PPT;ITARARE;S츒 PAULO;SP;BRASIL;REGI츒 4;C;ITAPEVA;6;1;5374;1;-2.441.145.368;-4.993.352.464
PPT;ITATIBA;S츒 PAULO;SP;BRASIL;REGI츒 3;B;BRAGAN큐;2;2;14116;2;-2.330.055.542;-4.668.397.726
PPT;ITATINGA;S츒 PAULO;SP;BRASIL;REGI츒 2;C;AVARE;4;1;2239;1;-2.331.042.417;-4.886.134.874
PPT;ITIRAPINA;S츒 PAULO;SP;BRASIL;REGI츒 3;C;JAU;7;1;1672;1;-2.222.536.514;-4.778.212.546
PPT;ITU;S츒 PAULO;SP;BRASIL;REGI츒 2;B;LARANJAL PAULISTA;6;3;21681;3;-2.332.637.798;-4.772.998.462
PPT;ITUVERAVA;S츒 PAULO;SP;BRASIL;REGI츒 1;C;GUARA;0;1;4560;1;-2.003.366.604;-4.777.797.924
PPT;JABOTICABAL;S츒 PAULO;SP;BRASIL;REGI츒 1;C;CATANDUVA;8;1;8170;1;-2.112.520.370;-4.883.252.230
PPT;JACAREI;S츒 PAULO;SP;BRASIL;REGI츒 4;B;GUARATINGUETA;6;5;30205;5;-2.333.050.682;-4.559.723.075
PPT;JAGUARIUNA;S츒 PAULO;SP;BRASIL;REGI츒 3;C;BRAGAN큐;0;1;6661;1;-2.226.907.254;-4.770.290.594
PPT;JALES;S츒 PAULO;SP;BRASIL;REGI츒 1;C;JALES;5;2;10106;2;-2.002.671.767;-5.005.492.435
PPT;JANDIRA;S츒 PAULO;SP;BRASIL;REGI츒 6;C;COTIA;14;2;19603;2;-2.335.282.246;-4.669.020.030
PPT;JARINU;S츒 PAULO;SP;BRASIL;REGI츒 3;C;BRAGAN큐;2;1;5151;1;-2.330.949.649;-4.667.148.565
PPT;JAU;S츒 PAULO;SP;BRASIL;REGI츒 2;B;JAU;5;3;20693;3;-2.222.935.850;-4.885.591.930
PPT;JOSE BONIFACIO;S츒 PAULO;SP;BRASIL;REGI츒 1;C;OLIMPIA;1;1;6148;2;-2.110.550.620;-4.996.892.330
PPT;JUNDIAI;S츒 PAULO;SP;BRASIL;REGI츒 3;A;RESIDENTE;9;9;66298;9;-2.331.887.668;-4.668.845.060
PPT;JUNQUEIROPOLIS;S츒 PAULO;SP;BRASIL;REGI츒 2;C;DRACENA;2;1;2963;1;-2.115.109.531;-5.114.351.505
PPT;LAPA;S츒 PAULO;SP;BRASIL;REGI츒 5;A;RESIDENTE;73;22;202697;22;-2.335.215.756;-4.667.043.491
PPT;LARANJAL PAULISTA;S츒 PAULO;SP;BRASIL;REGI츒 2;C;LARANJAL PAULISTA;5;1;5259;1;-2.330.514.764;-4.778.370.125
PPT;LENCOIS PAULISTA;S츒 PAULO;SP;BRASIL;REGI츒 2;C;AVARE;2;2;8693;2;-2.226.029.897;-4.888.031.367
PPT;LIMEIRA;S츒 PAULO;SP;BRASIL;REGI츒 3;B;SANTA BARBARA;1;4;29663;4;-2.225.615.068;-4.774.017.660
PPT;LINS;S츒 PAULO;SP;BRASIL;REGI츒 1;B;MARILIA;7;2;12379;2;-2.116.741.873;-4.997.518.932
PPT;LORENA;S츒 PAULO;SP;BRASIL;REGI츒 4;C;GUARATINGUETA;4;1;7925;1;-2.227.367.652;-4.551.070.876
PPT;LOUVEIRA;S츒 PAULO;SP;BRASIL;REGI츒 3;C;BRAGAN큐;8;1;5602;1;-2.330.863.900;-4.669.505.600
PPT;LUCELIA;S츒 PAULO;SP;BRASIL;REGI츒 2;C;DRACENA;1;1;2317;1;-2.117.211.293;-5.110.188.000
PPT;MAIRIPORA;S츒 PAULO;SP;BRASIL;REGI츒 5;C;FRANCO DA ROCHA;14;2;12630;2;-2.333.190.348;-4.665.876.377
PPT;MARILIA;S츒 PAULO;SP;BRASIL;REGI츒 2;B;MARILIA;12;5;32476;5;-2.222.172.002;-4.999.500.061
PPT;MARTINOPOLIS;S츒 PAULO;SP;BRASIL;REGI츒 2;C;PIRAPOZINHO;1;1;3378;1;-2.221.461.530;-5.111.709.490
PPT;MATAO;S츒 PAULO;SP;BRASIL;REGI츒 1;C;MATAO;3;1;8952;1;-2.116.033.611;-4.883.660.603
PPT;MAUA;S츒 PAULO;SP;BRASIL;REGI츒 7;A;RESIDENTE;16;6;53719;6;-2.336.669.527;-4.664.616.922
PPT;MIGUELOPOLIS;S츒 PAULO;SP;BRASIL;REGI츒 1;C;GUARA;5;1;2842;1;-2.001.796.120;-4.880.309.970
PPT;MIRANDOPOLIS;S츒 PAULO;SP;BRASIL;REGI츒 2;C;DRACENA;12;1;3767;1;-2.111.328.313;-5.111.029.422
PPT;MIRASSOL;S츒 PAULO;SP;BRASIL;REGI츒 1;C;OLIMPIA;0;1;7706;1;-2.008.141.411;-4.995.074.490
PPT;MOCOCA;S츒 PAULO;SP;BRASIL;REGI츒 3;C;AGUAI;0;1;7689;1;-2.114.647.310;-4.770.024.050
PPT;MOGI DAS CRUZES;S츒 PAULO;SP;BRASIL;REGI츒 4;A;RESIDENTE;10;8;57407;8;-2.335.234.284;-4.661.926.671
PPT;MOGI GUACU;S츒 PAULO;SP;BRASIL;REGI츒 3;B;MOGI GUA큣;8;3;24838;3;-2.223.722.220;-4.669.425.000
PPT;MOGI MIRIM;S츒 PAULO;SP;BRASIL;REGI츒 3;C;MOGI GUA큣;0;1;7896;1;-2.224.331.230;-4.669.582.460
PPT;MONGAGUA;S츒 PAULO;SP;BRASIL;REGI츒 4;C;CUBATAO;3;1;10321;1;-2.440.959.454;-4.666.234.361
PPT;MONTE ALTO;S츒 PAULO;SP;BRASIL;REGI츒 1;C;CATANDUVA;2;1;5599;1;-2.112.655.450;-4.884.970.660
PPT;MONTE APRAZIVEL;S츒 PAULO;SP;BRASIL;REGI츒 1;C;OLIMPIA;0;1;3223;1;-2.007.625.702;-4.997.088.402
PPT;MONTE MOR;S츒 PAULO;SP;BRASIL;REGI츒 3;C;SANTA BARBARA;6;1;6827;1;-2.229.450.430;-4.773.121.820
PPT;NAZARE PAULISTA;S츒 PAULO;SP;BRASIL;REGI츒 3;C;BRAGAN큐;2;1;2611;1;-2.331.819.309;-4.663.992.986
PPT;NEVES PAULISTA;S츒 PAULO;SP;BRASIL;REGI츒 1;C;OLIMPIA;3;1;1425;1;-2.008.429.920;-4.996.357.670
PPT;NOVA GRANADA;S츒 PAULO;SP;BRASIL;REGI츒 1;C;OLIMPIA;6;1;5415;1;-2.005.345.426;-4.993.186.951
PPT;NOVA ODESSA;S츒 PAULO;SP;BRASIL;REGI츒 3;C;SANTA BARBARA;3;1;6919;1;-2.227.805.746;-4.772.993.805
PPT;NOVO HORIZONTE;S츒 PAULO;SP;BRASIL;REGI츒 1;C;CATANDUVA;1;1;6294;1;-2.114.674.564;-4.992.235.377
PPT;OLIMPIA;S츒 PAULO;SP;BRASIL;REGI츒 1;C;OLIMPIA;4;1;7722;1;-2.007.366.340;-4.889.106.250
PPT;ORLANDIA;S츒 PAULO;SP;BRASIL;REGI츒 1;C;GUARA;3;1;7154;1;-2.007.202.780;-4.778.866.670
PPT;OSASCO;S츒 PAULO;SP;BRASIL;REGI츒 6;A;RESIDENTE;33;11;137219;11;-2.335.324.859;-4.667.916.801
PPT;OSVALDO CRUZ;S츒 PAULO;SP;BRASIL;REGI츒 2;C;DRACENA;7;1;5856;1;-2.117.962.773;-5.008.791.190
PPT;OURINHOS;S츒 PAULO;SP;BRASIL;REGI츒 2;B;MARILIA;2;3;16213;3;-2.229.777.918;-4.998.682.040
PPT;PALMITAL;S츒 PAULO;SP;BRASIL;REGI츒 2;C;MARILIA;5;1;3056;1;-2.227.863.840;-5.002.198.965
PPT;PARAGUACU PAULISTA;S츒 PAULO;SP;BRASIL;REGI츒 2;C;MARILIA;2;1;5803;1;-2.224.203.497;-5.005.792.099
PPT;PARANAPANEMA;S츒 PAULO;SP;BRASIL;REGI츒 4;C;AVARE;2;1;1932;1;-2.333.901.610;-4.887.208.680
PPT;PAULINIA;S츒 PAULO;SP;BRASIL;REGI츒 3;C;SANTA BARBARA;5;2;13533;2;-2.227.630.391;-4.771.532.213
PPT;PEDERNEIRAS;S츒 PAULO;SP;BRASIL;REGI츒 2;C;JAU;3;1;4829;1;-2.223.510.860;-4.887.781.130
PPT;PEDREIRA;S츒 PAULO;SP;BRASIL;REGI츒 3;C;BRAGAN큐;8;1;5247;1;-2.227.413.470;-4.668.948.460
PPT;PENAPOLIS;S츒 PAULO;SP;BRASIL;REGI츒 2;C;BIRIGUI;4;2;8694;2;-2.114.192.406;-5.000.765.588
PPT;PEREIRA BARRETO;S츒 PAULO;SP;BRASIL;REGI츒 2;C;JALES;4;1;5580;1;-2.006.378.509;-5.111.052.172
PPT;PIEDADE;S츒 PAULO;SP;BRASIL;REGI츒 5;C;VOTORANTIM;1;1;5818;1;-2.337.074.096;-4.774.252.319
PPT;PINDAMONHANGABA;S츒 PAULO;SP;BRASIL;REGI츒 4;B;GUARATINGUETA;15;3;19069;3;-2.229.364.000;-4.554.622.602
PPT;PIQUETE;S츒 PAULO;SP;BRASIL;REGI츒 4;C;GUARATINGUETA;1;1;1573;1;-2.226.138.451;-4.551.777.096
PPT;PIRACICABA;S츒 PAULO;SP;BRASIL;REGI츒 3;A;RESIDENTE;47;6;47359;6;-2.227.251.650;-4.776.493.269
PPT;PIRAJUI;S츒 PAULO;SP;BRASIL;REGI츒 2;C;MARILIA;2;1;3759;1;-2.119.957.877;-4.994.549.675
PPT;PIRAPOZINHO;S츒 PAULO;SP;BRASIL;REGI츒 2;C;PIRAPOZINHO;1;1;4147;1;-2.222.738.742;-5.114.998.867
PPT;PIRASSUNUNGA;S츒 PAULO;SP;BRASIL;REGI츒 3;C;AGUAI;1;2;10109;2;-2.119.980.468;-4.774.280.861
PPT;PITANGUEIRAS;S츒 PAULO;SP;BRASIL;REGI츒 1;C;CATANDUVA;1;1;4065;1;-2.110.132.030;-4.882.209.510
PPT;POA;S츒 PAULO;SP;BRASIL;REGI츒 7;C;FERRAZ;7;2;13203;2;-2.335.249.082;-4.663.445.663
PPT;PONTAL;S츒 PAULO;SP;BRASIL;REGI츒 1;C;GUARA;5;1;3904;1;-2.110.239.714;-4.880.393.457
PPT;PORTO FELIZ;S츒 PAULO;SP;BRASIL;REGI츒 2;C;LARANJAL PAULISTA;3;1;6685;1;-2.332.110.713;-4.775.247.163
PPT;PORTO FERREIRA;S츒 PAULO;SP;BRASIL;REGI츒 1;C;SANTA RITA DO PASSA QUATRO;7;1;5761;1;-2.118.529.134;-4.774.794.943
PPT;POTIM;S츒 PAULO;SP;BRASIL;REGI츒 4;C;GUARATINGUETA;2;1;2031;1;-2.228.377.227;-4.552.565.239
PPT;PRADOPOLIS;S츒 PAULO;SP;BRASIL;REGI츒 1;C;MATAO;3;1;2604;1;-2.113.597.815;-4.880.746.603
PPT;PRAIA GRANDE;S츒 PAULO;SP;BRASIL;REGI츒 4;B;CUBATAO;15;6;46574;6;-2.440.089.790;-4.664.144.939
PPT;PRESIDENTE EPITACIO;S츒 PAULO;SP;BRASIL;REGI츒 2;C;PIRAPOZINHO;1;1;5240;1;-2.117.650.740;-5.221.111.400
PPT;PRESIDENTE PRUDENTE;S츒 PAULO;SP;BRASIL;REGI츒 2;B;PIRAPOZINHO;9;4;23656;4;-2.221.225.167;-5.113.882.528
PPT;PRESIDENTE VENCESLAU;S츒 PAULO;SP;BRASIL;REGI츒 2;C;PIRAPOZINHO;5;1;4042;2;-2.118.771.160;-5.118.451.047
PPT;PROMISSAO;S츒 PAULO;SP;BRASIL;REGI츒 2;C;BIRIGUI;2;1;3856;1;-2.115.404.913;-4.998.574.709
PPT;REGENTE FEIJO;S츒 PAULO;SP;BRASIL;REGI츒 2;C;PIRAPOZINHO;5;1;3167;1;-2.222.191.056;-5.113.034.558
PPT;REGISTRO;S츒 PAULO;SP;BRASIL;REGI츒 4;B;REGISTRO;12;2;10603;2;-2.444.979.420;-4.778.448.950
PPT;RIBEIRAO PIRES;S츒 PAULO;SP;BRASIL;REGI츒 7;C;FERRAZ;3;2;12647;2;-2.337.134.177;-4.664.160.929
PPT;RIBEIRAO PRETO;S츒 PAULO;SP;BRASIL;REGI츒 1;A;RESIDENTE;25;11;96310;12;-2.111.776.315;-4.778.100.983
PPT;RIO CLARO;S츒 PAULO;SP;BRASIL;REGI츒 3;B;MOGI GUA큣;6;3;23148;3;-2.224.100.108;-4.775.603.933
PPT;RIO DAS PEDRAS;S츒 PAULO;SP;BRASIL;REGI츒 3;C;LARANJAL PAULISTA;2;1;4170;1;-2.228.441.256;-4.776.065.667
PPT;SALTO;S츒 PAULO;SP;BRASIL;REGI츒 3;B;LARANJAL PAULISTA;2;2;12453;2;-2.331.989.983;-4.772.913.682
PPT;SANTA BARBARA DO OESTE;S츒 PAULO;SP;BRASIL;REGI츒 3;B;SANTA BARBARA;24;2;14046;3;-2.334.733.798;-4.666.640.028
PPT;SANTA CRUZ DAS PALMEIRAS;S츒 PAULO;SP;BRASIL;REGI츒 3;C;AGUAI;1;1;3785;1;-2.118.234.750;-4.772.480.230
PPT;SANTA CRUZ DO RIO PARDO;S츒 PAULO;SP;BRASIL;REGI츒 2;C;AVARE;9;1;6708;1;-2.229.060.715;-4.996.277.378
PPT;SANTA FE DO SUL;S츒 PAULO;SP;BRASIL;REGI츒 1;C;JALES;2;1;6112;1;-2.002.106.188;-5.009.270.837
PPT;SANTA GERTRUDES;S츒 PAULO;SP;BRASIL;REGI츒 3;C;MOGI GUA큣;6;1;2895;1;-2.224.590.897;-4.775.320.340
PPT;SANTA ISABEL;S츒 PAULO;SP;BRASIL;REGI츒 4;C;FERRAZ;5;1;7239;1;-2.333.194.222;-4.662.271.903
PPT;SANTA RITA DO PASSA QUATRO;S츒 PAULO;SP;BRASIL;REGI츒 1;C;SANTA RITA DO PASSA QUATRO;1;1;3428;1;-2.117.103.738;-4.774.777.943
PPT;SANTA ROSA DE VITERBO;S츒 PAULO;SP;BRASIL;REGI츒 1;C;SANTA RITA DO PASSA QUATRO;1;1;6387;1;-2.114.869.452;-4.773.654.908
PPT;SANTANA DE PARNAIBA;S츒 PAULO;SP;BRASIL;REGI츒 6;B;COTIA;1;2;19032;2;-2.337.025.034;-4.667.139.208
PPT;SANTANA DIGITAL;S츒 PAULO;SP;BRASIL;REGI츒 5;DIGITAL;FERRAZ;0;1;2684;1;-2.335.025.905;-4.666.273.234
PPT;SANTO AMARO;S츒 PAULO;SP;BRASIL;REGI츒 6;A;RESIDENTE;76;26;260338;23;-2.336.424.673;-4.666.998.932
PPT;SANTO ANASTACIO;S츒 PAULO;SP;BRASIL;REGI츒 2;C;PIRAPOZINHO;5;1;2795;1;-2.119.746.620;-5.116.526.620
PPT;SANTO ANDRE;S츒 PAULO;SP;BRASIL;REGI츒 7;A;RESIDENTE;37;12;86151;12;-2.336.533.509;-4.665.279.039
PPT;SANTO ANTONIO DE POSSE;S츒 PAULO;SP;BRASIL;REGI츒 3;C;BRAGAN큐;5;1;3166;1;-2.226.053.304;-4.669.197.291
PPT;SANTOS;S츒 PAULO;SP;BRASIL;REGI츒 4;A;RESIDENTE;35;6;53333;6;-2.339.335.988;-4.663.286.399
PPT;SAO BERNARDO DO CAMPO;S츒 PAULO;SP;BRASIL;REGI츒 7;A;RESIDENTE;37;11;118241;11;-2.337.080.345;-4.665.506.747
PPT;SAO CARLOS;S츒 PAULO;SP;BRASIL;REGI츒 1;B;JAU;5;4;31969;4;-2.118.788.022;-4.778.567.619
PPT;SAO JOAO DA BOA VISTA;S츒 PAULO;SP;BRASIL;REGI츒 3;B;AGUAI;5;2;11312;2;-2.119.687.099;-4.667.969.216
PPT;SAO JOAQUIM DA BARRA;S츒 PAULO;SP;BRASIL;REGI츒 1;C;GUARA;3;1;5783;1;-2.005.814.993;-4.778.608.238
PPT;SAO JOSE DO RIO PARDO;S츒 PAULO;SP;BRASIL;REGI츒 3;C;AGUAI;2;2;9575;2;-2.115.952.880;-4.668.873.030
PPT;SAO JOSE DO RIO PRETO;S츒 PAULO;SP;BRASIL;REGI츒 1;A;RESIDENTE;26;7;54153;7;-2.008.125.851;-4.993.804.212
PPT;SAO JOSE DOS CAMPOS;S츒 PAULO;SP;BRASIL;REGI츒 4;A;RESIDENTE;34;15;91286;15;-2.331.867.782;-4.558.854.538
PPT;SAO MANUEL;S츒 PAULO;SP;BRASIL;REGI츒 2;C;AVARE;1;1;5372;1;-2.227.320.810;-4.885.723.160
PPT;SAO MIGUEL ARCANJO;S츒 PAULO;SP;BRASIL;REGI츒 2;C;ITAPEVA;2;1;4767;1;-2.338.807.771;-4.779.963.492
PPT;SAO PEDRO;S츒 PAULO;SP;BRASIL;REGI츒 3;C;JAU;4;1;6231;1;-2.225.512.765;-4.779.072.359
PPT;SAO ROQUE;S츒 PAULO;SP;BRASIL;REGI츒 5;C;VOTORANTIM;1;2;12162;2;-2.335.304.843;-4.771.355.473
PPT;SAO VICENTE;S츒 PAULO;SP;BRASIL;REGI츒 4;B;CUBATAO;4;4;40234;4;-2.339.664.177;-4.663.861.401
PPT;SE;S츒 PAULO;SP;BRASIL;REGI츒 7;A;RESIDENTE;64;23;165795;23;-2.335.488.069;-4.666.317.734
PPT;SERRA NEGRA;S츒 PAULO;SP;BRASIL;REGI츒 3;C;BRAGAN큐;4;1;5600;1;-2.226.126.459;-4.666.999.860
PPT;SERRANA;S츒 PAULO;SP;BRASIL;REGI츒 1;C;SANTA RITA DO PASSA QUATRO;5;1;5509;1;-2.112.066.883;-4.776.053.774
PPT;SERTAOZINHO;S츒 PAULO;SP;BRASIL;REGI츒 1;B;GUARA;11;3;20576;3;-2.111.375.782;-4.779.913.741
PPT;SOCORRO;S츒 PAULO;SP;BRASIL;REGI츒 3;C;BRAGAN큐;3;1;4902;1;-2.225.902.619;-4.665.249.112
PPT;SOROCABA;S츒 PAULO;SP;BRASIL;REGI츒 4;A;RESIDENTE;28;12;86943;16;-2.334.684.836;-4.774.424.129
PPT;SUMARE;S츒 PAULO;SP;BRASIL;REGI츒 3;B;SANTA BARBARA;7;3;21996;3;-2.228.217.964;-4.772.671.050
PPT;SUZANO;S츒 PAULO;SP;BRASIL;REGI츒 7;A;RESIDENTE;12;6;51420;5;-2.335.427.842;-4.663.108.391
PPT;TABATINGA;S츒 PAULO;SP;BRASIL;REGI츒 1;C;MATAO;6;1;2315;2;-2.117.373.768;-4.886.880.522
PPT;TABOAO DA SERRA;S츒 PAULO;SP;BRASIL;REGI츒 6;A;RESIDENTE;21;8;65602;7;-2.336.121.912;-4.667.790.539
PPT;TAMBAU;S츒 PAULO;SP;BRASIL;REGI츒 3;C;AGUAI;4;1;1996;1;-2.117.029.200;-4.772.703.440
PPT;TANABI;S츒 PAULO;SP;BRASIL;REGI츒 1;C;JALES;1;1;3654;1;-2.006.251.635;-4.996.519.879
PPT;TAQUARITINGA;S츒 PAULO;SP;BRASIL;REGI츒 1;C;MATAO;2;1;6292;2;-2.114.064.327;-4.885.056.132
PPT;TAQUARITUBA;S츒 PAULO;SP;BRASIL;REGI츒 4;C;AVARE;14;1;5661;1;-2.335.337.307;-4.992.452.541
PPT;TATUI;S츒 PAULO;SP;BRASIL;REGI츒 2;B;VOTORANTIM;2;3;18776;3;-2.333.489.848;-4.778.490.165
PPT;TAUBATE;S츒 PAULO;SP;BRASIL;REGI츒 4;A;RESIDENTE;10;5;45983;5;-2.330.314.480;-4.555.612.792
PPT;TEODORO SAMPAIO;S츒 PAULO;SP;BRASIL;REGI츒 2;C;PIRAPOZINHO;1;1;5037;1;-2.225.300.202;-5.221.686.847
PPT;TIETE;S츒 PAULO;SP;BRASIL;REGI츒 2;C;LARANJAL PAULISTA;1;1;4936;1;-2.331.030.302;-4.777.147.937
PPT;TREMEMBE;S츒 PAULO;SP;BRASIL;REGI츒 4;C;GUARATINGUETA;1;1;6440;1;-2.229.571.400;-4.555.475.260
PPT;TUPA;S츒 PAULO;SP;BRASIL;REGI츒 2;C;MARILIA;6;2;9090;2;-2.119.349.129;-5.005.141.255
PPT;TUPI PAULISTA;S츒 PAULO;SP;BRASIL;REGI츒 2;C;DRACENA;1;1;2668;1;-2.113.861.179;-5.115.763.259
PPT;UBATUBA;S츒 PAULO;SP;BRASIL;REGI츒 4;C;UBATUBA;25;2;12682;2;-2.334.331.620;-4.550.834.150
PPT;VALINHOS;S츒 PAULO;SP;BRASIL;REGI츒 3;B;BRAGAN큐;8;2;12146;2;-2.229.705.600;-4.669.958.300
PPT;VALPARAISO;S츒 PAULO;SP;BRASIL;REGI츒 2;C;BIRIGUI;4;1;2212;1;-2.112.230.369;-5.008.666.375
PPT;VARGEM GRANDE DO SUL;S츒 PAULO;SP;BRASIL;REGI츒 3;C;AGUAI;0;1;6671;1;-2.118.310.636;-4.668.933.030
PPT;VARZEA PAULISTA;S츒 PAULO;SP;BRASIL;REGI츒 3;C;FRANCO DA ROCHA;4;2;9417;2;-2.332.113.889;-4.668.283.333
PPT;VINHEDO;S츒 PAULO;SP;BRASIL;REGI츒 3;C;BRAGAN큐;14;2;10791;2;-2.330.298.535;-4.669.749.847
PPT;VOTORANTIM;S츒 PAULO;SP;BRASIL;REGI츒 4;C;VOTORANTIM;3;2;13369;2;-2.335.383.101;-4.774.422.496
PPT;VOTUPORANGA;S츒 PAULO;SP;BRASIL;REGI츒 1;B;JALES;4;3;16933;2;-2.004.252.908;-4.999.720.280
